{

	"Name": "7As",
		"interceptors" : [
			{ 
				"ID": "A0",
				"Position": {
					"x": 1461.03076239164,
					"y": -462.118855427075,
					"z": 0
				}
			}
,			{ 
				"ID": "A1",
				"Position": {
					"x": 873.585407097631,
					"y": 464.239185426496,
					"z": 0
				}
			}
,			{ 
				"ID": "A3",
				"Position": {
					"x": -257.935299658187,
					"y": -1220.28335473513,
					"z": 0
				}
			}
,			{ 
				"ID": "A4",
				"Position": {
					"x": -1225.63165017666,
					"y": 80.162224397139,
					"z": 0
				}
			}
,			{ 
				"ID": "A5",
				"Position": {
					"x": 1828.91279823562,
					"y": -761.398716252948,
					"z": 0
				}
			}
,			{ 
				"ID": "A6",
				"Position": {
					"x": -947.422456670284,
					"y": 233.059780547889,
					"z": 0
				}
			}
,			{ 
				"ID": "A2",
				"Position": {
					"x": 2127.47259280992,
					"y": 2380.52398892144,
					"z": 0
				}
			}
		],
		"threats" : [
			{ 
				"ID": "Z2",
				"Position": {
					"x": -1352.6130547992,
					"y": 728.860107589913,
					"z": 2061.40310739232
				},
				"Velocity": {
					"x": 16.6631652492393,
					"y": 6.7746326824532,
					"z": 2.81876271721849
				}
			}
,			{ 
				"ID": "Y3",
				"Position": {
					"x": 1647.83557585805,
					"y": -207.798375844862,
					"z": 2712.62360257684
				},
				"Velocity": {
					"x": 5.74679674848299,
					"y": 12.6756778418439,
					"z": 19.3758615662231
				}
			}
,			{ 
				"ID": "X4",
				"Position": {
					"x": 1305.9130727341,
					"y": -176.334126934565,
					"z": 454.010850961325
				},
				"Velocity": {
					"x": 10.1339456486208,
					"y": 17.8374848225329,
					"z": 4.10639348631091
				}
			}
,			{ 
				"ID": "X1",
				"Position": {
					"x": -1201.05412467432,
					"y": 68.5712481236882,
					"z": 1987.23811981605
				},
				"Velocity": {
					"x": 10.1664884249524,
					"y": 17.6471213892322,
					"z": 12.2224474475824
				}
			}
,			{ 
				"ID": "X0",
				"Position": {
					"x": 389.970550541752,
					"y": 492.488299725804,
					"z": 1412.00115550868
				},
				"Velocity": {
					"x": 2.86894905514501,
					"y": 17.8927269288771,
					"z": 8.91250409600907
				}
			}
		]
}
