{

	"Name": "7Bs",
		"interceptors" : [
			{ 
				"ID": "B1",
				"Position": {
					"x": 2111.01446049801,
					"y": 346.953248533864,
					"z": 0
				}
			}
,			{ 
				"ID": "B4",
				"Position": {
					"x": -1504.84777940663,
					"y": 728.751275794931,
					"z": 0
				}
			}
,			{ 
				"ID": "B5",
				"Position": {
					"x": -1037.76830413275,
					"y": -1940.84819380233,
					"z": 0
				}
			}
,			{ 
				"ID": "B0",
				"Position": {
					"x": 1433.20689696502,
					"y": -1253.35302634786,
					"z": 0
				}
			}
,			{ 
				"ID": "B2",
				"Position": {
					"x": -514.697597601776,
					"y": -1730.74596735218,
					"z": 0
				}
			}
,			{ 
				"ID": "B6",
				"Position": {
					"x": 1175.16373618281,
					"y": -364.983555565115,
					"z": 0
				}
			}
,			{ 
				"ID": "B3",
				"Position": {
					"x": 1248.25422337663,
					"y": -1994.92307519304,
					"z": 0
				}
			}
		],
		"threats" : [
			{ 
				"ID": "Z2",
				"Position": {
					"x": 1454.75159657875,
					"y": 1971.22364862413,
					"z": 1136.09765010704
				},
				"Velocity": {
					"x": 0.280635673683433,
					"y": 11.954754428917,
					"z": 5.37507710297363
				}
			}
,			{ 
				"ID": "Y3",
				"Position": {
					"x": 649.019599309666,
					"y": 116.186662631196,
					"z": 705.335278858121
				},
				"Velocity": {
					"x": 16.5662178288057,
					"y": 7.87733325170229,
					"z": 1.14970282705021
				}
			}
,			{ 
				"ID": "X4",
				"Position": {
					"x": 1223.49728332995,
					"y": 1279.29124016282,
					"z": 1878.22540610946
				},
				"Velocity": {
					"x": 6.14803961764464,
					"y": 12.8924949434085,
					"z": 11.1916308715901
				}
			}
,			{ 
				"ID": "X1",
				"Position": {
					"x": 1141.83299115013,
					"y": -838.5029671893,
					"z": 1010.10513818362
				},
				"Velocity": {
					"x": 10.8453938788014,
					"y": 9.63760616706573,
					"z": 6.85794613643454
				}
			}
,			{ 
				"ID": "X0",
				"Position": {
					"x": 82.9391294079549,
					"y": 97.5239901326241,
					"z": 1415.22570858487
				},
				"Velocity": {
					"x": 10.1537446073041,
					"y": 14.3150848216913,
					"z": 19.771270891545
				}
			}
		]
}
