{

	"Name": "currentScenario",
		"interceptors" : [
			{ 
				"ID": "A2",
				"Position": {
					"x": 1724.7229345258,
					"y": -1808.19153287829,
					"z": 0
				}
			}
,			{ 
				"ID": "B1",
				"Position": {
					"x": 404.042812252437,
					"y": -186.246146069023,
					"z": 0
				}
			}
,			{ 
				"ID": "C0",
				"Position": {
					"x": 1982.63798467006,
					"y": -411.093301796863,
					"z": 0
				}
			}
,			{ 
				"ID": "C6",
				"Position": {
					"x": 343.18148081339,
					"y": -402.757092566582,
					"z": 0
				}
			}
,			{ 
				"ID": "A5",
				"Position": {
					"x": -716.863469321683,
					"y": -534.072473195415,
					"z": 0
				}
			}
,			{ 
				"ID": "C4",
				"Position": {
					"x": 1089.41051321542,
					"y": -1921.24178675992,
					"z": 0
				}
			}
,			{ 
				"ID": "B3",
				"Position": {
					"x": 1714.90733405338,
					"y": 976.915635157803,
					"z": 0
				}
			}
		],
		"threats" : [
			{ 
				"ID": "X4",
				"Position": {
					"x": 2188.12037924683,
					"y": -1734.21703452906,
					"z": 149.171182955229
				},
				"Velocity": {
					"x": 7.17783321029406,
					"y": 16.9565768525733,
					"z": 10.5799125463608
				}
			}
,			{ 
				"ID": "X3",
				"Position": {
					"x": 1949.42598512835,
					"y": 12.7755561903005,
					"z": 2849.48984293709
				},
				"Velocity": {
					"x": 3.46649530505133,
					"y": 3.63247010094694,
					"z": 10.0506316172195
				}
			}
,			{ 
				"ID": "X2",
				"Position": {
					"x": -904.43270132152,
					"y": -1963.69847281077,
					"z": 277.737344278832
				},
				"Velocity": {
					"x": 4.44251324256999,
					"y": 9.0370076936842,
					"z": 7.92776882086311
				}
			}
,			{ 
				"ID": "Z1",
				"Position": {
					"x": 1103.65744736216,
					"y": -793.468091075061,
					"z": 327.611651889799
				},
				"Velocity": {
					"x": 0.220587710021337,
					"y": 7.93522815589571,
					"z": 8.58548803654755
				}
			}
,			{ 
				"ID": "Y0",
				"Position": {
					"x": 1817.26054191462,
					"y": 1250.28701836722,
					"z": 2388.27947358986
				},
				"Velocity": {
					"x": 12.0869901366937,
					"y": 13.8705644914278,
					"z": 7.98987121693318
				}
			}
		]
}
