{

	"Name": "currentScenario",
		"interceptors" : [
			{ 
				"ID": "B0",
				"Position": {
					"x": 1573.32689947138,
					"y": -2430.49285348062,
					"z": 0
				}
			}
,			{ 
				"ID": "A6",
				"Position": {
					"x": -1258.40165128857,
					"y": 347.656462270606,
					"z": 0
				}
			}
,			{ 
				"ID": "A5",
				"Position": {
					"x": -1779.2798901346,
					"y": 845.621590663503,
					"z": 0
				}
			}
,			{ 
				"ID": "A4",
				"Position": {
					"x": 1386.85055025241,
					"y": 1045.44057675891,
					"z": 0
				}
			}
,			{ 
				"ID": "A3",
				"Position": {
					"x": -1447.49565932317,
					"y": -2000.78325322866,
					"z": 0
				}
			}
,			{ 
				"ID": "A2",
				"Position": {
					"x": -2227.62326231581,
					"y": -975.81407217114,
					"z": 0
				}
			}
,			{ 
				"ID": "A1",
				"Position": {
					"x": -502.089875751217,
					"y": -2031.28405126337,
					"z": 0
				}
			}
		],
		"threats" : [
			{ 
				"ID": "Z4",
				"Position": {
					"x": -1546.26310125285,
					"y": -815.84445890777,
					"z": 2362.0830142694
				},
				"Velocity": {
					"x": 19.0329481936213,
					"y": 6.95002771306319,
					"z": 2.05855727291599
				}
			}
,			{ 
				"ID": "Z2",
				"Position": {
					"x": -362.837022292817,
					"y": 940.480529768616,
					"z": 2907.03265178345
				},
				"Velocity": {
					"x": 16.2951070425543,
					"y": 5.03257006641131,
					"z": 15.2808528371532
				}
			}
,			{ 
				"ID": "Z1",
				"Position": {
					"x": -469.918037005662,
					"y": 1141.07195247946,
					"z": 2427.62030075659
				},
				"Velocity": {
					"x": 12.6250541268965,
					"y": 8.58237713975011,
					"z": 16.4802901616694
				}
			}
,			{ 
				"ID": "X3",
				"Position": {
					"x": 552.324615722674,
					"y": 4.16282843992244,
					"z": 12.5137441849866
				},
				"Velocity": {
					"x": 8.64770937182368,
					"y": 6.4890447196034,
					"z": 16.8915803250352
				}
			}
,			{ 
				"ID": "X0",
				"Position": {
					"x": 719.314944380576,
					"y": 1903.84309361868,
					"z": 2040.82050316074
				},
				"Velocity": {
					"x": 17.7520895180069,
					"y": 7.40270903678737,
					"z": 5.43243824757283
				}
			}
		]
}
