{

	"Name": "currentScenario",
		"interceptors" : [
			{ 
				"ID": "A2",
				"Position": {
					"x": 658.433334044383,
					"y": -76.7317542697918,
					"z": 0
				}
			}
,			{ 
				"ID": "A1",
				"Position": {
					"x": -1432.96667092152,
					"y": 1587.31698481707,
					"z": 0
				}
			}
,			{ 
				"ID": "B0",
				"Position": {
					"x": 1483.93844509681,
					"y": -2484.28742749816,
					"z": 0
				}
			}
,			{ 
				"ID": "A6",
				"Position": {
					"x": -226.366558450445,
					"y": 2425.79905079948,
					"z": 0
				}
			}
,			{ 
				"ID": "A5",
				"Position": {
					"x": -1818.04395714684,
					"y": -1997.59664456248,
					"z": 0
				}
			}
,			{ 
				"ID": "B4",
				"Position": {
					"x": 1333.73396998911,
					"y": -1515.03759925954,
					"z": 0
				}
			}
,			{ 
				"ID": "B3",
				"Position": {
					"x": 483.448583857831,
					"y": -439.721935167779,
					"z": 0
				}
			}
		],
		"threats" : [
			{ 
				"ID": "X4",
				"Position": {
					"x": -1404.14076731733,
					"y": 307.497815372189,
					"z": 1423.09451216045
				},
				"Velocity": {
					"x": 18.53056912242,
					"y": 11.4894262941039,
					"z": 2.55787638135156
				}
			}
,			{ 
				"ID": "X3",
				"Position": {
					"x": 411.314098402538,
					"y": -1138.77155219148,
					"z": 2259.99090832658
				},
				"Velocity": {
					"x": 9.75366744666997,
					"y": 7.22024273463536,
					"z": 3.54894469657398
				}
			}
,			{ 
				"ID": "X2",
				"Position": {
					"x": -1177.52967825044,
					"y": -1028.0295326505,
					"z": 75.1453950419768
				},
				"Velocity": {
					"x": 4.73011764917994,
					"y": 13.9107270603584,
					"z": 17.6902218524787
				}
			}
,			{ 
				"ID": "Z1",
				"Position": {
					"x": 2014.43200098091,
					"y": 822.976605418593,
					"z": 2371.64776743001
				},
				"Velocity": {
					"x": 9.27725082695356,
					"y": 6.75153807120004,
					"z": 14.3468556154272
				}
			}
,			{ 
				"ID": "Z0",
				"Position": {
					"x": 621.056592427686,
					"y": -1249.05263411303,
					"z": 2460.37930411304
				},
				"Velocity": {
					"x": 5.46261248433153,
					"y": 0.997861931565153,
					"z": 15.7862612306076
				}
			}
		]
}
