{

	"Name": "currentScenario",
		"interceptors" : [
			{ 
				"ID": "C6",
				"Position": {
					"x": -1331.65963149241,
					"y": -1358.36458967922,
					"z": 0
				}
			}
,			{ 
				"ID": "C5",
				"Position": {
					"x": -42.1456294330516,
					"y": -1572.3582113033,
					"z": 0
				}
			}
,			{ 
				"ID": "C4",
				"Position": {
					"x": 1506.82561262829,
					"y": -380.108704036152,
					"z": 0
				}
			}
,			{ 
				"ID": "C3",
				"Position": {
					"x": 1489.11344981245,
					"y": -56.3646829949527,
					"z": 0
				}
			}
,			{ 
				"ID": "B0",
				"Position": {
					"x": 1608.52755029152,
					"y": -1740.11805036111,
					"z": 0
				}
			}
,			{ 
				"ID": "A2",
				"Position": {
					"x": 2494.80450991299,
					"y": 2220.39150061104,
					"z": 0
				}
			}
,			{ 
				"ID": "A1",
				"Position": {
					"x": -2381.74600288353,
					"y": 1913.54056560134,
					"z": 0
				}
			}
		],
		"threats" : [
			{ 
				"ID": "Z2",
				"Position": {
					"x": 1315.56265680844,
					"y": -789.39075152827,
					"z": 2670.63212565641
				},
				"Velocity": {
					"x": 2.53866039334734,
					"y": 7.1037301174848,
					"z": 18.01898082626
				}
			}
,			{ 
				"ID": "Z0",
				"Position": {
					"x": 1085.26339623391,
					"y": 161.276389919816,
					"z": 2465.26035874396
				},
				"Velocity": {
					"x": 18.084579248952,
					"y": 16.0277817100416,
					"z": 9.59092797226781
				}
			}
,			{ 
				"ID": "Y1",
				"Position": {
					"x": -389.988768980833,
					"y": -1401.40479030153,
					"z": 2349.90692667193
				},
				"Velocity": {
					"x": 10.6683596925197,
					"y": 11.3519969169758,
					"z": 3.51921066805684
				}
			}
,			{ 
				"ID": "X4",
				"Position": {
					"x": 1789.36923942034,
					"y": -429.896609126542,
					"z": 340.305154370286
				},
				"Velocity": {
					"x": 15.2981997538815,
					"y": 8.37999364751391,
					"z": 1.40876136785781
				}
			}
,			{ 
				"ID": "X3",
				"Position": {
					"x": 942.545671501451,
					"y": 1250.41585566961,
					"z": 1547.79631437165
				},
				"Velocity": {
					"x": 18.754351157115,
					"y": 1.70886831437651,
					"z": 1.57959270364586
				}
			}
		]
}
