{

	"Name": "currentScenario",
		"interceptors" : [
			{ 
				"ID": "C2",
				"Position": {
					"x": -669.950445494591,
					"y": -1361.22139653248,
					"z": 0
				}
			}
,			{ 
				"ID": "B6",
				"Position": {
					"x": 45.1163789467497,
					"y": -1541.26600666962,
					"z": 0
				}
			}
,			{ 
				"ID": "B3",
				"Position": {
					"x": 1895.16736934668,
					"y": -1792.30232853084,
					"z": 0
				}
			}
,			{ 
				"ID": "A5",
				"Position": {
					"x": -2469.83214978587,
					"y": 2475.83556919165,
					"z": 0
				}
			}
,			{ 
				"ID": "A4",
				"Position": {
					"x": -1713.06418916819,
					"y": 1295.57195761966,
					"z": 0
				}
			}
,			{ 
				"ID": "A1",
				"Position": {
					"x": -1627.96531763299,
					"y": 2140.46418882928,
					"z": 0
				}
			}
,			{ 
				"ID": "A0",
				"Position": {
					"x": 797.798316133115,
					"y": 1690.53185227817,
					"z": 0
				}
			}
		],
		"threats" : [
			{ 
				"ID": "Z4",
				"Position": {
					"x": 1174.72689099364,
					"y": 39.797089081163,
					"z": 77.8085044947492
				},
				"Velocity": {
					"x": 4.59492977922546,
					"y": 13.7951177702263,
					"z": 8.67558761903811
				}
			}
,			{ 
				"ID": "Y2",
				"Position": {
					"x": -412.572890665649,
					"y": -1317.43628686175,
					"z": 1095.95951675249
				},
				"Velocity": {
					"x": 13.9716412098946,
					"y": 14.8907994175753,
					"z": 4.87388910021348
				}
			}
,			{ 
				"ID": "X3",
				"Position": {
					"x": -790.373837896797,
					"y": -1044.24740702112,
					"z": 2284.99933624873
				},
				"Velocity": {
					"x": 9.33766632775667,
					"y": 19.4566418786797,
					"z": 7.57134081217057
				}
			}
,			{ 
				"ID": "X1",
				"Position": {
					"x": 2062.48871151474,
					"y": -559.580805972023,
					"z": 2414.39971067682
				},
				"Velocity": {
					"x": 14.4467850003609,
					"y": 1.58393291830268,
					"z": 12.4625319207378
				}
			}
,			{ 
				"ID": "X0",
				"Position": {
					"x": 999.252141033882,
					"y": -1544.10869606962,
					"z": 921.066712085654
				},
				"Velocity": {
					"x": 12.5000233820174,
					"y": 1.90604196018821,
					"z": 14.259948196942
				}
			}
		]
}
