{

	"Name": "currentScenario",
		"interceptors" : [
			{ 
				"ID": "C4",
				"Position": {
					"x": -1012.25929288764,
					"y": 752.409433365059,
					"z": 0
				}
			}
,			{ 
				"ID": "B6",
				"Position": {
					"x": 1143.7822352833,
					"y": -2781.40584928049,
					"z": 0
				}
			}
,			{ 
				"ID": "B5",
				"Position": {
					"x": 1008.20019143084,
					"y": -1222.04409643172,
					"z": 0
				}
			}
,			{ 
				"ID": "B3",
				"Position": {
					"x": 1326.08842166424,
					"y": -168.211330272356,
					"z": 0
				}
			}
,			{ 
				"ID": "B2",
				"Position": {
					"x": 1919.1751926761,
					"y": -810.396739193423,
					"z": 0
				}
			}
,			{ 
				"ID": "A1",
				"Position": {
					"x": 1468.17925105252,
					"y": 1420.49983326369,
					"z": 0
				}
			}
,			{ 
				"ID": "A0",
				"Position": {
					"x": -752.533745603884,
					"y": -1348.61129748105,
					"z": 0
				}
			}
		],
		"threats" : [
			{ 
				"ID": "Z3",
				"Position": {
					"x": 1802.75703310164,
					"y": 21.7611445215349,
					"z": 2517.34790090348
				},
				"Velocity": {
					"x": 8.24721509974786,
					"y": 3.58224818649806,
					"z": 9.72421884989562
				}
			}
,			{ 
				"ID": "Z0",
				"Position": {
					"x": -128.019157810146,
					"y": 881.38796895807,
					"z": 896.379882421521
				},
				"Velocity": {
					"x": 7.73482173110117,
					"y": 9.42407733268294,
					"z": 3.35036812506168
				}
			}
,			{ 
				"ID": "Y2",
				"Position": {
					"x": 271.04184235029,
					"y": -465.383044660735,
					"z": 323.567665798388
				},
				"Velocity": {
					"x": 8.99714150884987,
					"y": 5.05410240267129,
					"z": 16.841161203031
				}
			}
,			{ 
				"ID": "X4",
				"Position": {
					"x": 1228.24524218601,
					"y": -1362.89036244289,
					"z": 1569.87213789014
				},
				"Velocity": {
					"x": 0.718428306616111,
					"y": 19.771698331354,
					"z": 7.77538887587161
				}
			}
,			{ 
				"ID": "X1",
				"Position": {
					"x": 999.310352420113,
					"y": 470.859916168665,
					"z": 832.55392212074
				},
				"Velocity": {
					"x": 16.3903511671304,
					"y": 15.6846104169658,
					"z": 8.2994965036863
				}
			}
		]
}
