{

	"Name": "currentScenario",
		"interceptors" : [
			{ 
				"ID": "A2",
				"Position": {
					"x": -912.631618982475,
					"y": -786.838628485258,
					"z": 0
				}
			}
,			{ 
				"ID": "C1",
				"Position": {
					"x": -901.016013185035,
					"y": -1798.9615163761,
					"z": 0
				}
			}
,			{ 
				"ID": "B0",
				"Position": {
					"x": 1299.929282302,
					"y": 478.049937392608,
					"z": 0
				}
			}
,			{ 
				"ID": "A6",
				"Position": {
					"x": -1922.76574411558,
					"y": 1137.39790098621,
					"z": 0
				}
			}
,			{ 
				"ID": "A5",
				"Position": {
					"x": 630.921571576465,
					"y": 1869.78328943708,
					"z": 0
				}
			}
,			{ 
				"ID": "A4",
				"Position": {
					"x": -350.200730771851,
					"y": 573.464007151063,
					"z": 0
				}
			}
,			{ 
				"ID": "A3",
				"Position": {
					"x": -1781.37239268114,
					"y": -443.595951862445,
					"z": 0
				}
			}
		],
		"threats" : [
			{ 
				"ID": "Y4",
				"Position": {
					"x": 927.269660414788,
					"y": -1744.42031967659,
					"z": 151.191295660656
				},
				"Velocity": {
					"x": 18.878324049934,
					"y": 2.85558410121854,
					"z": 10.9212856045558
				}
			}
,			{ 
				"ID": "Z3",
				"Position": {
					"x": 896.324713247048,
					"y": -1521.69999644239,
					"z": 787.937849195645
				},
				"Velocity": {
					"x": 8.49415870778922,
					"y": 8.82914289311932,
					"z": 18.2947517644124
				}
			}
,			{ 
				"ID": "Z2",
				"Position": {
					"x": 2176.34735734963,
					"y": 639.815538488243,
					"z": 898.438990534488
				},
				"Velocity": {
					"x": 11.9938515182556,
					"y": 3.15453662683933,
					"z": 6.09932010346061
				}
			}
,			{ 
				"ID": "X1",
				"Position": {
					"x": -729.318235362563,
					"y": -1207.79477022951,
					"z": 2173.57750571034
				},
				"Velocity": {
					"x": 17.7374897234782,
					"y": 19.3581703767917,
					"z": 1.36502919782187
				}
			}
,			{ 
				"ID": "X0",
				"Position": {
					"x": 927.651061223657,
					"y": -1679.90068145092,
					"z": 575.627718854522
				},
				"Velocity": {
					"x": 6.37321939057355,
					"y": 19.2038712088037,
					"z": 19.2739343919204
				}
			}
		]
}
