{

	"Name": "currentScenario",
		"interceptors" : [
			{ 
				"ID": "A2",
				"Position": {
					"x": -1438.2799453746,
					"y": 159.259688881813,
					"z": 0
				}
			}
,			{ 
				"ID": "A1",
				"Position": {
					"x": -158.730134209027,
					"y": -666.970071926233,
					"z": 0
				}
			}
,			{ 
				"ID": "B0",
				"Position": {
					"x": 1475.41322907219,
					"y": -1303.14757782181,
					"z": 0
				}
			}
,			{ 
				"ID": "A6",
				"Position": {
					"x": 2386.51813468268,
					"y": 2137.70101062846,
					"z": 0
				}
			}
,			{ 
				"ID": "B5",
				"Position": {
					"x": 764.397705329767,
					"y": 911.088747862302,
					"z": 0
				}
			}
,			{ 
				"ID": "A4",
				"Position": {
					"x": 2135.40096983099,
					"y": 2123.16958681828,
					"z": 0
				}
			}
,			{ 
				"ID": "A3",
				"Position": {
					"x": -492.866140786962,
					"y": -1791.39310228238,
					"z": 0
				}
			}
		],
		"threats" : [
			{ 
				"ID": "Y4",
				"Position": {
					"x": -1290.23169409029,
					"y": 477.407262882873,
					"z": 1511.2834393565
				},
				"Velocity": {
					"x": 0.0603704806698349,
					"y": 14.182784033093,
					"z": 10.8343435408707
				}
			}
,			{ 
				"ID": "X3",
				"Position": {
					"x": -1173.62021146045,
					"y": -652.639572812542,
					"z": 2846.66581910414
				},
				"Velocity": {
					"x": 7.43490240882845,
					"y": 19.7158450259435,
					"z": 15.3611834977573
				}
			}
,			{ 
				"ID": "Y2",
				"Position": {
					"x": -901.336443052318,
					"y": -1127.63402011601,
					"z": 1192.59216226292
				},
				"Velocity": {
					"x": 15.1514403406304,
					"y": 1.78982929409939,
					"z": 8.80908078924244
				}
			}
,			{ 
				"ID": "Y1",
				"Position": {
					"x": 803.821210238999,
					"y": 860.473766392317,
					"z": 1709.50889341045
				},
				"Velocity": {
					"x": 14.0553740198051,
					"y": 18.2499402846442,
					"z": 1.19287227335985
				}
			}
,			{ 
				"ID": "X0",
				"Position": {
					"x": 1123.50703460328,
					"y": 1681.83191850867,
					"z": 1089.86968271894
				},
				"Velocity": {
					"x": 13.2669246072261,
					"y": 2.86172348207874,
					"z": 13.8201158185583
				}
			}
		]
}
