{

	"Name": "currentScenario",
		"interceptors" : [
			{ 
				"ID": "A2",
				"Position": {
					"x": -425.976457971137,
					"y": -1149.25884113147,
					"z": 0
				}
			}
,			{ 
				"ID": "C1",
				"Position": {
					"x": -887.690554786329,
					"y": -1541.86287500982,
					"z": 0
				}
			}
,			{ 
				"ID": "A0",
				"Position": {
					"x": -2432.29765209011,
					"y": 2399.82540481716,
					"z": 0
				}
			}
,			{ 
				"ID": "A6",
				"Position": {
					"x": 1594.39071039408,
					"y": -838.403053739296,
					"z": 0
				}
			}
,			{ 
				"ID": "A5",
				"Position": {
					"x": 996.489689450939,
					"y": 701.213471219508,
					"z": 0
				}
			}
,			{ 
				"ID": "A4",
				"Position": {
					"x": 1947.14134766121,
					"y": -1996.59644136978,
					"z": 0
				}
			}
,			{ 
				"ID": "A3",
				"Position": {
					"x": -1398.40240771808,
					"y": -2125.53421017972,
					"z": 0
				}
			}
		],
		"threats" : [
			{ 
				"ID": "Z4",
				"Position": {
					"x": -1567.89587320196,
					"y": -1642.0088799866,
					"z": 2834.91406535493
				},
				"Velocity": {
					"x": 5.10153431682919,
					"y": 14.7877642953711,
					"z": 0.137793673266561
				}
			}
,			{ 
				"ID": "Z3",
				"Position": {
					"x": 1312.63251109637,
					"y": -1752.52612482408,
					"z": 2129.13424807095
				},
				"Velocity": {
					"x": 14.4440955084023,
					"y": 7.77463662800129,
					"z": 10.5401010208484
				}
			}
,			{ 
				"ID": "X2",
				"Position": {
					"x": -1139.20340735428,
					"y": -858.995617767328,
					"z": 1502.19974177992
				},
				"Velocity": {
					"x": 0.516347792240022,
					"y": 2.10120212384556,
					"z": 3.93104503114291
				}
			}
,			{ 
				"ID": "Y1",
				"Position": {
					"x": 475.365512340965,
					"y": -991.525366432744,
					"z": 2089.4360095679
				},
				"Velocity": {
					"x": 19.3718372468705,
					"y": 13.8590052788421,
					"z": 11.7259041553949
				}
			}
,			{ 
				"ID": "X0",
				"Position": {
					"x": -1093.7770572462,
					"y": 1934.37559340819,
					"z": 2495.74408470455
				},
				"Velocity": {
					"x": 12.5914836919827,
					"y": 0.283333156389805,
					"z": 7.71796800555567
				}
			}
		]
}
