{

	"Name": "currentScenario",
		"interceptors" : [
			{ 
				"ID": "B2",
				"Position": {
					"x": 937.744507071443,
					"y": 636.167982423756,
					"z": 0
				}
			}
,			{ 
				"ID": "A1",
				"Position": {
					"x": 159.44089631524,
					"y": -112.799470132589,
					"z": 0
				}
			}
,			{ 
				"ID": "A0",
				"Position": {
					"x": -2011.98346424475,
					"y": -1484.72492302988,
					"z": 0
				}
			}
,			{ 
				"ID": "B6",
				"Position": {
					"x": 669.110554582025,
					"y": -2833.81412543068,
					"z": 0
				}
			}
,			{ 
				"ID": "C5",
				"Position": {
					"x": -1198.14517684194,
					"y": 379.428113987403,
					"z": 0
				}
			}
,			{ 
				"ID": "A4",
				"Position": {
					"x": -1230.67371488115,
					"y": 483.453545246019,
					"z": 0
				}
			}
,			{ 
				"ID": "A3",
				"Position": {
					"x": 118.740074158991,
					"y": 359.311417145334,
					"z": 0
				}
			}
		],
		"threats" : [
			{ 
				"ID": "Z4",
				"Position": {
					"x": 882.228056426266,
					"y": -1500.1809352544,
					"z": 1242.3768799018
				},
				"Velocity": {
					"x": 10.898552607232,
					"y": 3.28791283224146,
					"z": 16.4114299213567
				}
			}
,			{ 
				"ID": "X3",
				"Position": {
					"x": -1109.68341539133,
					"y": 204.741626141938,
					"z": 88.1412816644373
				},
				"Velocity": {
					"x": 16.4994554484726,
					"y": 19.8952225036431,
					"z": 4.67592534826879
				}
			}
,			{ 
				"ID": "Z2",
				"Position": {
					"x": 545.095902236689,
					"y": -1902.68216277598,
					"z": 903.38940262021
				},
				"Velocity": {
					"x": 12.4808439484243,
					"y": 14.4298902779957,
					"z": 16.7913194358308
				}
			}
,			{ 
				"ID": "X1",
				"Position": {
					"x": 1527.81360672219,
					"y": 1228.3270318193,
					"z": 609.581040036669
				},
				"Velocity": {
					"x": 6.73227465093707,
					"y": 19.9979986529788,
					"z": 4.00566827692355
				}
			}
,			{ 
				"ID": "Z0",
				"Position": {
					"x": -25.7757436138464,
					"y": 846.604288949913,
					"z": 2873.06362850269
				},
				"Velocity": {
					"x": 13.8714918093157,
					"y": 0.569576509562124,
					"z": 12.6639102737717
				}
			}
		]
}
