{

	"Name": "currentScenario",
		"interceptors" : [
			{ 
				"ID": "B2",
				"Position": {
					"x": 639.035609848348,
					"y": -1488.72511763532,
					"z": 0
				}
			}
,			{ 
				"ID": "B1",
				"Position": {
					"x": 1199.1731176149,
					"y": -2089.91160573899,
					"z": 0
				}
			}
,			{ 
				"ID": "A6",
				"Position": {
					"x": -1976.50521503599,
					"y": -398.057041642283,
					"z": 0
				}
			}
,			{ 
				"ID": "A5",
				"Position": {
					"x": -1613.71808690658,
					"y": -2439.80227733953,
					"z": 0
				}
			}
,			{ 
				"ID": "A4",
				"Position": {
					"x": 1147.77916048084,
					"y": -2481.31802071879,
					"z": 0
				}
			}
,			{ 
				"ID": "A3",
				"Position": {
					"x": -1623.34817653678,
					"y": -1437.09247882343,
					"z": 0
				}
			}
,			{ 
				"ID": "A0",
				"Position": {
					"x": -1936.18321066545,
					"y": 254.563734752389,
					"z": 0
				}
			}
		],
		"threats" : [
			{ 
				"ID": "Z1",
				"Position": {
					"x": -682.955608043333,
					"y": -1306.66503836711,
					"z": 835.795730741599
				},
				"Velocity": {
					"x": 0.266797077034971,
					"y": 19.2583593257043,
					"z": 11.112281163741
				}
			}
,			{ 
				"ID": "X4",
				"Position": {
					"x": 1643.34659545838,
					"y": -1349.92394007273,
					"z": 131.969144163639
				},
				"Velocity": {
					"x": 7.02439322463441,
					"y": 9.18776086959418,
					"z": 3.50877124979569
				}
			}
,			{ 
				"ID": "X3",
				"Position": {
					"x": -965.875128687301,
					"y": 445.06267013264,
					"z": 2254.36001282854
				},
				"Velocity": {
					"x": 8.69594829561932,
					"y": 8.83183377274863,
					"z": 17.108081093574
				}
			}
,			{ 
				"ID": "X2",
				"Position": {
					"x": -220.556195881477,
					"y": -667.770783727882,
					"z": 2332.29257787219
				},
				"Velocity": {
					"x": 14.3252031758079,
					"y": 1.16979818845624,
					"z": 17.9746669242041
				}
			}
,			{ 
				"ID": "X0",
				"Position": {
					"x": 989.633458242581,
					"y": 1981.56128636634,
					"z": 424.881243810468
				},
				"Velocity": {
					"x": 2.76079885790162,
					"y": 7.37759805627987,
					"z": 13.3068980245417
				}
			}
		]
}
