{

	"Name": "currentScenario",
		"interceptors" : [
			{ 
				"ID": "C6",
				"Position": {
					"x": -727.527148429084,
					"y": -297.088256709784,
					"z": 0
				}
			}
,			{ 
				"ID": "C2",
				"Position": {
					"x": 272.686808497034,
					"y": -1286.72735359833,
					"z": 0
				}
			}
,			{ 
				"ID": "B4",
				"Position": {
					"x": 129.948270567669,
					"y": -2451.29730526884,
					"z": 0
				}
			}
,			{ 
				"ID": "B3",
				"Position": {
					"x": 1962.6434231003,
					"y": 371.783734938029,
					"z": 0
				}
			}
,			{ 
				"ID": "B1",
				"Position": {
					"x": 1669.40908584251,
					"y": -798.064530733071,
					"z": 0
				}
			}
,			{ 
				"ID": "B0",
				"Position": {
					"x": 1453.39051981149,
					"y": -4.109016155875,
					"z": 0
				}
			}
,			{ 
				"ID": "A5",
				"Position": {
					"x": 1321.27832799278,
					"y": -2109.95831042992,
					"z": 0
				}
			}
		],
		"threats" : [
			{ 
				"ID": "Z3",
				"Position": {
					"x": 323.794409830027,
					"y": 1102.49827760388,
					"z": 1644.8596080974
				},
				"Velocity": {
					"x": 11.2219834845615,
					"y": 14.2575296825997,
					"z": 15.1506645396122
				}
			}
,			{ 
				"ID": "Y0",
				"Position": {
					"x": 801.72667508094,
					"y": 930.11175977537,
					"z": 1422.65068060842
				},
				"Velocity": {
					"x": 1.43019422955354,
					"y": 17.3395062039325,
					"z": 14.226944509068
				}
			}
,			{ 
				"ID": "X4",
				"Position": {
					"x": -1564.52385218093,
					"y": -1752.0424741097,
					"z": 2513.36981752579
				},
				"Velocity": {
					"x": 1.989095612424,
					"y": 6.5141171433563,
					"z": 9.16857457215366
				}
			}
,			{ 
				"ID": "X2",
				"Position": {
					"x": -1452.69081618296,
					"y": -1071.95597843824,
					"z": 1993.02565492365
				},
				"Velocity": {
					"x": 14.351440097369,
					"y": 15.2585993498837,
					"z": 6.4102344524163
				}
			}
,			{ 
				"ID": "X1",
				"Position": {
					"x": -179.805191270916,
					"y": 1306.65304293234,
					"z": 317.362987118477
				},
				"Velocity": {
					"x": 8.09788176235644,
					"y": 17.1252950081254,
					"z": 16.9092213813724
				}
			}
		]
}
