{

	"Name": "currentScenario",
		"interceptors" : [
			{ 
				"ID": "B2",
				"Position": {
					"x": 1412.50773585053,
					"y": -2779.68256351523,
					"z": 0
				}
			}
,			{ 
				"ID": "B1",
				"Position": {
					"x": 1631.53057900794,
					"y": 285.179946238725,
					"z": 0
				}
			}
,			{ 
				"ID": "A0",
				"Position": {
					"x": -859.471803232781,
					"y": 602.153773932789,
					"z": 0
				}
			}
,			{ 
				"ID": "A6",
				"Position": {
					"x": -1413.83185699295,
					"y": -1941.85107221913,
					"z": 0
				}
			}
,			{ 
				"ID": "A5",
				"Position": {
					"x": -2286.18971295012,
					"y": -113.212786434783,
					"z": 0
				}
			}
,			{ 
				"ID": "B4",
				"Position": {
					"x": 880.494901389114,
					"y": 117.320965564494,
					"z": 0
				}
			}
,			{ 
				"ID": "B3",
				"Position": {
					"x": 12.2125688997156,
					"y": -272.719862532206,
					"z": 0
				}
			}
		],
		"threats" : [
			{ 
				"ID": "X4",
				"Position": {
					"x": 1615.69227358126,
					"y": 1443.59267849642,
					"z": 2834.72192000352
				},
				"Velocity": {
					"x": 6.00364467408678,
					"y": 2.85862535371381,
					"z": 7.564745884186
				}
			}
,			{ 
				"ID": "X3",
				"Position": {
					"x": -244.968276538406,
					"y": 207.377399414488,
					"z": 338.818848756523
				},
				"Velocity": {
					"x": 7.32019347479576,
					"y": 16.6905989296225,
					"z": 7.76020220842222
				}
			}
,			{ 
				"ID": "Z2",
				"Position": {
					"x": 862.286350206605,
					"y": -1190.68686812682,
					"z": 1708.80270409808
				},
				"Velocity": {
					"x": 17.3773247270739,
					"y": 18.6520842270237,
					"z": 0.309801772381087
				}
			}
,			{ 
				"ID": "X1",
				"Position": {
					"x": 1831.57373868468,
					"y": -741.368743936237,
					"z": 544.228689067172
				},
				"Velocity": {
					"x": 16.359383862633,
					"y": 8.64410254575503,
					"z": 7.50415264978267
				}
			}
,			{ 
				"ID": "Z0",
				"Position": {
					"x": -1204.01122099907,
					"y": -315.672774946165,
					"z": 1043.44638904717
				},
				"Velocity": {
					"x": 16.8456909511451,
					"y": 1.03077532771545,
					"z": 4.57766547080952
				}
			}
		]
}
