{

	"Name": "currentScenario",
		"interceptors" : [
			{ 
				"ID": "B5",
				"Position": {
					"x": 1661.01967806975,
					"y": -884.784671424322,
					"z": 0
				}
			}
,			{ 
				"ID": "A6",
				"Position": {
					"x": -457.968201003023,
					"y": 1031.0390235535,
					"z": 0
				}
			}
,			{ 
				"ID": "A4",
				"Position": {
					"x": -1131.18641480393,
					"y": 1074.12117699819,
					"z": 0
				}
			}
,			{ 
				"ID": "A3",
				"Position": {
					"x": -2389.36678268452,
					"y": 1109.83349318143,
					"z": 0
				}
			}
,			{ 
				"ID": "A2",
				"Position": {
					"x": -1033.19263948742,
					"y": 449.370915512262,
					"z": 0
				}
			}
,			{ 
				"ID": "A1",
				"Position": {
					"x": -703.717569449785,
					"y": -362.292697123388,
					"z": 0
				}
			}
,			{ 
				"ID": "A0",
				"Position": {
					"x": -383.416071014207,
					"y": -1213.91296559661,
					"z": 0
				}
			}
		],
		"threats" : [
			{ 
				"ID": "Z4",
				"Position": {
					"x": -1692.54789203058,
					"y": 442.713833620173,
					"z": 1374.03488223163
				},
				"Velocity": {
					"x": 8.63444902404884,
					"y": 15.4787563045876,
					"z": 1.00790225016321
				}
			}
,			{ 
				"ID": "Z3",
				"Position": {
					"x": 76.8193119097591,
					"y": -1343.6536618246,
					"z": 1010.87926840916
				},
				"Velocity": {
					"x": 14.5939012964228,
					"y": 13.1772307461022,
					"z": 17.944848163959
				}
			}
,			{ 
				"ID": "Z2",
				"Position": {
					"x": 57.1364258216398,
					"y": 679.563113804703,
					"z": 185.632210311309
				},
				"Velocity": {
					"x": 15.0276980619075,
					"y": 4.53440089921206,
					"z": 1.87211629090464
				}
			}
,			{ 
				"ID": "Z0",
				"Position": {
					"x": 855.928367448937,
					"y": -208.587906420505,
					"z": 433.551309832163
				},
				"Velocity": {
					"x": 5.19402981046309,
					"y": 1.67155520137006,
					"z": 10.1960630296711
				}
			}
,			{ 
				"ID": "X1",
				"Position": {
					"x": -1208.55353079203,
					"y": -1876.3460814377,
					"z": 663.225467625645
				},
				"Velocity": {
					"x": 14.9408318637595,
					"y": 11.2347680010063,
					"z": 5.73799123323429
				}
			}
		]
}
