{

	"Name": "currentScenario",
		"interceptors" : [
			{ 
				"ID": "B2",
				"Position": {
					"x": 1500.48796250508,
					"y": -2200.95767788634,
					"z": 0
				}
			}
,			{ 
				"ID": "B1",
				"Position": {
					"x": 1268.23337528307,
					"y": -2475.14406567213,
					"z": 0
				}
			}
,			{ 
				"ID": "A0",
				"Position": {
					"x": -536.126570327266,
					"y": 1244.49511465826,
					"z": 0
				}
			}
,			{ 
				"ID": "C6",
				"Position": {
					"x": 372.866899880053,
					"y": 244.177084529855,
					"z": 0
				}
			}
,			{ 
				"ID": "A5",
				"Position": {
					"x": -1461.63483567612,
					"y": -2018.23422895662,
					"z": 0
				}
			}
,			{ 
				"ID": "B4",
				"Position": {
					"x": 659.745964528874,
					"y": 136.754804820174,
					"z": 0
				}
			}
,			{ 
				"ID": "A3",
				"Position": {
					"x": 2048.89151246701,
					"y": -857.031980230022,
					"z": 0
				}
			}
		],
		"threats" : [
			{ 
				"ID": "X4",
				"Position": {
					"x": 592.402471551859,
					"y": -146.160657585673,
					"z": 2402.16323146697
				},
				"Velocity": {
					"x": 5.66890494230618,
					"y": 4.98556684003471,
					"z": 4.28486319458339
				}
			}
,			{ 
				"ID": "X3",
				"Position": {
					"x": 444.947507486188,
					"y": -263.481316279378,
					"z": 1087.36455956817
				},
				"Velocity": {
					"x": 10.9845413225631,
					"y": 11.1713161278382,
					"z": 10.0657130265914
				}
			}
,			{ 
				"ID": "Z2",
				"Position": {
					"x": -1528.55207092527,
					"y": 586.235610109864,
					"z": 1531.58690246362
				},
				"Velocity": {
					"x": 17.984305293292,
					"y": 1.17490097935074,
					"z": 2.29708558986759
				}
			}
,			{ 
				"ID": "X1",
				"Position": {
					"x": 1553.02535074438,
					"y": -209.544447348241,
					"z": 918.149091730895
				},
				"Velocity": {
					"x": 19.981192070982,
					"y": 9.59689505845164,
					"z": 11.1774959560379
				}
			}
,			{ 
				"ID": "X0",
				"Position": {
					"x": -23.8318983110748,
					"y": 1959.88352594892,
					"z": 966.369402579204
				},
				"Velocity": {
					"x": 7.05920965739489,
					"y": 2.0422237096551,
					"z": 17.6648751169745
				}
			}
		]
}
