{

	"Name": "currentScenario",
		"interceptors" : [
			{ 
				"ID": "A2",
				"Position": {
					"x": 1749.84372884493,
					"y": -2330.15483935836,
					"z": 0
				}
			}
,			{ 
				"ID": "A1",
				"Position": {
					"x": -2330.84508209994,
					"y": 769.256410780016,
					"z": 0
				}
			}
,			{ 
				"ID": "A0",
				"Position": {
					"x": -491.73539876553,
					"y": -141.025212426216,
					"z": 0
				}
			}
,			{ 
				"ID": "C6",
				"Position": {
					"x": -20.0690804142827,
					"y": -918.01929330361,
					"z": 0
				}
			}
,			{ 
				"ID": "A5",
				"Position": {
					"x": -79.0042698285562,
					"y": 883.632830057122,
					"z": 0
				}
			}
,			{ 
				"ID": "C4",
				"Position": {
					"x": -842.024871540267,
					"y": -34.2249698164987,
					"z": 0
				}
			}
,			{ 
				"ID": "B3",
				"Position": {
					"x": 1987.86475695105,
					"y": 772.728986932304,
					"z": 0
				}
			}
		],
		"threats" : [
			{ 
				"ID": "Z4",
				"Position": {
					"x": -601.658370579434,
					"y": 684.345414249387,
					"z": 2217.03486853141
				},
				"Velocity": {
					"x": 14.4696744226244,
					"y": 19.4402651486174,
					"z": 11.8369289263324
				}
			}
,			{ 
				"ID": "X3",
				"Position": {
					"x": -11.7308534270762,
					"y": 136.431931581549,
					"z": 170.0405879738
				},
				"Velocity": {
					"x": 10.195762938911,
					"y": 15.7025282809988,
					"z": 4.497905589872
				}
			}
,			{ 
				"ID": "Z2",
				"Position": {
					"x": -132.750485107652,
					"y": 31.6229285819563,
					"z": 971.570448936695
				},
				"Velocity": {
					"x": 4.28942650756306,
					"y": 16.8901649475518,
					"z": 2.05529948792201
				}
			}
,			{ 
				"ID": "X1",
				"Position": {
					"x": -84.0639360174833,
					"y": -531.315674321407,
					"z": 529.760719523654
				},
				"Velocity": {
					"x": 14.3437185018993,
					"y": 16.2512530089595,
					"z": 5.25443712494077
				}
			}
,			{ 
				"ID": "Y0",
				"Position": {
					"x": 1193.53117481504,
					"y": -377.107643697927,
					"z": 947.927681704949
				},
				"Velocity": {
					"x": 18.5916989103852,
					"y": 11.8181441965597,
					"z": 13.7261063110671
				}
			}
		]
}
