{

	"Name": "currentScenario",
		"interceptors" : [
			{ 
				"ID": "A6",
				"Position": {
					"x": 2187.73412969324,
					"y": 323.888919234224,
					"z": 0
				}
			}
,			{ 
				"ID": "A5",
				"Position": {
					"x": -2272.74073975754,
					"y": 1752.29435751787,
					"z": 0
				}
			}
,			{ 
				"ID": "A4",
				"Position": {
					"x": -2409.5276626337,
					"y": -938.454826100941,
					"z": 0
				}
			}
,			{ 
				"ID": "A3",
				"Position": {
					"x": -720.861916533141,
					"y": 360.331892902186,
					"z": 0
				}
			}
,			{ 
				"ID": "A2",
				"Position": {
					"x": -2083.91026574369,
					"y": -234.122682704647,
					"z": 0
				}
			}
,			{ 
				"ID": "A1",
				"Position": {
					"x": -1343.97484773955,
					"y": -2450.45501503649,
					"z": 0
				}
			}
,			{ 
				"ID": "A0",
				"Position": {
					"x": -2180.09244635706,
					"y": -2408.83566900568,
					"z": 0
				}
			}
		],
		"threats" : [
			{ 
				"ID": "Z0",
				"Position": {
					"x": -948.755138017589,
					"y": -772.931560302587,
					"z": 1629.81693615663
				},
				"Velocity": {
					"x": 5.58668642564988,
					"y": 10.6922846616676,
					"z": 2.43899055870203
				}
			}
,			{ 
				"ID": "Y4",
				"Position": {
					"x": 224.764032440616,
					"y": 73.3808977871111,
					"z": 1794.37123881391
				},
				"Velocity": {
					"x": 1.78467989051001,
					"y": 19.9273402429779,
					"z": 0.933660129519953
				}
			}
,			{ 
				"ID": "X3",
				"Position": {
					"x": -602.476118366456,
					"y": -1348.36632914299,
					"z": 2475.31861880576
				},
				"Velocity": {
					"x": 8.25699615676747,
					"y": 9.24085931351448,
					"z": 11.9442472196856
				}
			}
,			{ 
				"ID": "X2",
				"Position": {
					"x": 774.272928421513,
					"y": -444.700013121916,
					"z": 1555.40659490759
				},
				"Velocity": {
					"x": 7.8967740516629,
					"y": 6.68932780934932,
					"z": 4.1659031362114
				}
			}
,			{ 
				"ID": "X1",
				"Position": {
					"x": 161.336518945795,
					"y": -893.285551524388,
					"z": 888.66137614877
				},
				"Velocity": {
					"x": 8.83562770152261,
					"y": 18.2632432124872,
					"z": 4.51604862907717
				}
			}
		]
}
