{

	"Name": "currentScenario",
		"interceptors" : [
			{ 
				"ID": "C6",
				"Position": {
					"x": -105.338848245022,
					"y": -638.872544578683,
					"z": 0
				}
			}
,			{ 
				"ID": "B5",
				"Position": {
					"x": 1118.59000340038,
					"y": 758.807491398792,
					"z": 0
				}
			}
,			{ 
				"ID": "A4",
				"Position": {
					"x": -591.039931444004,
					"y": -2388.82975647637,
					"z": 0
				}
			}
,			{ 
				"ID": "A3",
				"Position": {
					"x": 1831.3549106621,
					"y": -2245.46466476538,
					"z": 0
				}
			}
,			{ 
				"ID": "A2",
				"Position": {
					"x": -1147.12638018985,
					"y": 268.527901623644,
					"z": 0
				}
			}
,			{ 
				"ID": "A1",
				"Position": {
					"x": -1842.75377511175,
					"y": -428.198502831254,
					"z": 0
				}
			}
,			{ 
				"ID": "A0",
				"Position": {
					"x": -42.7673536086304,
					"y": -263.034639769716,
					"z": 0
				}
			}
		],
		"threats" : [
			{ 
				"ID": "Z3",
				"Position": {
					"x": -366.158478085957,
					"y": 721.108657643715,
					"z": 560.057548601207
				},
				"Velocity": {
					"x": 15.6013143228373,
					"y": 15.842191016228,
					"z": 14.8811545757955
				}
			}
,			{ 
				"ID": "Y4",
				"Position": {
					"x": 1432.6850648656,
					"y": 1023.24834234232,
					"z": 636.10139285964
				},
				"Velocity": {
					"x": 11.2584387563441,
					"y": 12.7074879560189,
					"z": 5.30948736952128
				}
			}
,			{ 
				"ID": "X2",
				"Position": {
					"x": 1123.98571950569,
					"y": -1045.20646251981,
					"z": 355.015003287706
				},
				"Velocity": {
					"x": 7.84795933768524,
					"y": 18.6235234414337,
					"z": 8.5019025991214
				}
			}
,			{ 
				"ID": "X1",
				"Position": {
					"x": -593.867544314762,
					"y": 1801.47815300221,
					"z": 1812.12711185782
				},
				"Velocity": {
					"x": 12.9467348442165,
					"y": 0.31767824679505,
					"z": 18.4543603185817
				}
			}
,			{ 
				"ID": "X0",
				"Position": {
					"x": 1220.93801820694,
					"y": -1830.69538317187,
					"z": 2232.94013050987
				},
				"Velocity": {
					"x": 18.8764740148915,
					"y": 8.75773768348514,
					"z": 2.16990882631853
				}
			}
		]
}
