{

	"Name": "currentScenario",
		"interceptors" : [
			{ 
				"ID": "C2",
				"Position": {
					"x": -1003.0325385756,
					"y": 949.722964293195,
					"z": 0
				}
			}
,			{ 
				"ID": "B1",
				"Position": {
					"x": 1905.38587509905,
					"y": -852.851652471745,
					"z": 0
				}
			}
,			{ 
				"ID": "B0",
				"Position": {
					"x": 1453.7159481336,
					"y": -954.731049926361,
					"z": 0
				}
			}
,			{ 
				"ID": "A6",
				"Position": {
					"x": 1871.02814408533,
					"y": 960.241948934384,
					"z": 0
				}
			}
,			{ 
				"ID": "C5",
				"Position": {
					"x": -160.469058044473,
					"y": 974.87019234098,
					"z": 0
				}
			}
,			{ 
				"ID": "A4",
				"Position": {
					"x": 1730.70894285604,
					"y": -2296.73933926818,
					"z": 0
				}
			}
,			{ 
				"ID": "B3",
				"Position": {
					"x": 123.703808581319,
					"y": -1798.44076502996,
					"z": 0
				}
			}
		],
		"threats" : [
			{ 
				"ID": "Y4",
				"Position": {
					"x": 264.501149004559,
					"y": -582.274894501211,
					"z": 2234.52879871918
				},
				"Velocity": {
					"x": 18.2515757150257,
					"y": 16.9099165577953,
					"z": 6.338494870038
				}
			}
,			{ 
				"ID": "X3",
				"Position": {
					"x": -807.07049216473,
					"y": -1581.08294363184,
					"z": 2615.09851907152
				},
				"Velocity": {
					"x": 8.08051122728759,
					"y": 6.40934066214102,
					"z": 10.8868923368337
				}
			}
,			{ 
				"ID": "X2",
				"Position": {
					"x": -1475.06308619634,
					"y": 1086.87920825876,
					"z": 2072.89047356364
				},
				"Velocity": {
					"x": 5.08805103836956,
					"y": 10.4672432925865,
					"z": 16.8896170877338
				}
			}
,			{ 
				"ID": "Y1",
				"Position": {
					"x": -261.139120981628,
					"y": -1688.90332043586,
					"z": 1842.86015473439
				},
				"Velocity": {
					"x": 15.5796831453124,
					"y": 0.649188245017635,
					"z": 5.81009564260491
				}
			}
,			{ 
				"ID": "X0",
				"Position": {
					"x": 1198.78828772287,
					"y": -1719.37551895127,
					"z": 2596.68895955975
				},
				"Velocity": {
					"x": 16.3371403032621,
					"y": 13.3339503469569,
					"z": 14.7552212396428
				}
			}
		]
}
