{

	"Name": "currentScenario",
		"interceptors" : [
			{ 
				"ID": "C5",
				"Position": {
					"x": 1392.63503038913,
					"y": -1155.64342083207,
					"z": 0
				}
			}
,			{ 
				"ID": "B6",
				"Position": {
					"x": 1049.79148649135,
					"y": 262.637035577855,
					"z": 0
				}
			}
,			{ 
				"ID": "B4",
				"Position": {
					"x": 689.8885810235,
					"y": -629.170615984672,
					"z": 0
				}
			}
,			{ 
				"ID": "B2",
				"Position": {
					"x": 1662.58533748918,
					"y": 522.262794674496,
					"z": 0
				}
			}
,			{ 
				"ID": "B0",
				"Position": {
					"x": 1056.75035391783,
					"y": -1164.47008129417,
					"z": 0
				}
			}
,			{ 
				"ID": "A3",
				"Position": {
					"x": 1232.88182249893,
					"y": -694.954187234377,
					"z": 0
				}
			}
,			{ 
				"ID": "A1",
				"Position": {
					"x": 410.460903267591,
					"y": -80.9277582824824,
					"z": 0
				}
			}
		],
		"threats" : [
			{ 
				"ID": "Z2",
				"Position": {
					"x": 504.481017871053,
					"y": -536.558698181323,
					"z": 2736.84973350579
				},
				"Velocity": {
					"x": 8.90729314131071,
					"y": 4.04691721501151,
					"z": 5.7019703582404
				}
			}
,			{ 
				"ID": "Y3",
				"Position": {
					"x": -80.4602578191367,
					"y": 1674.22738283604,
					"z": 2805.59310214854
				},
				"Velocity": {
					"x": 7.90397704946994,
					"y": 10.4064520217508,
					"z": 8.88408814970594
				}
			}
,			{ 
				"ID": "X4",
				"Position": {
					"x": 787.414353754099,
					"y": -885.302822517838,
					"z": 258.781727523907
				},
				"Velocity": {
					"x": 8.48230502963174,
					"y": 1.57075235693285,
					"z": 2.96604904484285
				}
			}
,			{ 
				"ID": "X1",
				"Position": {
					"x": 958.43000200504,
					"y": 582.712733458128,
					"z": 1787.54505458639
				},
				"Velocity": {
					"x": 14.9731594207572,
					"y": 17.5675558846293,
					"z": 7.71002080650535
				}
			}
,			{ 
				"ID": "X0",
				"Position": {
					"x": -1175.16900462805,
					"y": 1168.49504372501,
					"z": 2364.03432272562
				},
				"Velocity": {
					"x": 7.21943480298828,
					"y": 3.93563535247726,
					"z": 14.9688474438008
				}
			}
		]
}
