{

	"Name": "currentScenario",
		"interceptors" : [
			{ 
				"ID": "B3",
				"Position": {
					"x": 792.061096426128,
					"y": -902.93458565275,
					"z": 0
				}
			}
,			{ 
				"ID": "B0",
				"Position": {
					"x": 1508.45103967397,
					"y": -2214.40525502637,
					"z": 0
				}
			}
,			{ 
				"ID": "A6",
				"Position": {
					"x": 1592.05694873447,
					"y": -1857.36975369853,
					"z": 0
				}
			}
,			{ 
				"ID": "A5",
				"Position": {
					"x": 1237.22688236145,
					"y": -755.770582824839,
					"z": 0
				}
			}
,			{ 
				"ID": "A4",
				"Position": {
					"x": 2296.06510130505,
					"y": -203.771450418873,
					"z": 0
				}
			}
,			{ 
				"ID": "A2",
				"Position": {
					"x": -1236.45216167739,
					"y": -1313.64990436176,
					"z": 0
				}
			}
,			{ 
				"ID": "A1",
				"Position": {
					"x": -988.324481755646,
					"y": 289.274294762534,
					"z": 0
				}
			}
		],
		"threats" : [
			{ 
				"ID": "Z3",
				"Position": {
					"x": -761.615597019724,
					"y": 489.575817477692,
					"z": 1117.80413385378
				},
				"Velocity": {
					"x": 19.7067567518478,
					"y": 9.07743454402193,
					"z": 0.674148304701852
				}
			}
,			{ 
				"ID": "Z0",
				"Position": {
					"x": 1854.54311871647,
					"y": -674.66430118059,
					"z": 1304.29464406534
				},
				"Velocity": {
					"x": 9.36642111715228,
					"y": 14.4373217292304,
					"z": 13.7800800864492
				}
			}
,			{ 
				"ID": "Y1",
				"Position": {
					"x": 1007.37146712252,
					"y": -1396.8141523175,
					"z": 1885.84390649844
				},
				"Velocity": {
					"x": 18.4070058997753,
					"y": 12.1194491778125,
					"z": 10.2519483353253
				}
			}
,			{ 
				"ID": "X4",
				"Position": {
					"x": 2226.78590860534,
					"y": -470.502936500359,
					"z": 2048.34613765047
				},
				"Velocity": {
					"x": 19.9316563643197,
					"y": 6.57605116561803,
					"z": 4.50913897925482
				}
			}
,			{ 
				"ID": "X2",
				"Position": {
					"x": -919.490995267169,
					"y": -421.544716889758,
					"z": 61.0475312271377
				},
				"Velocity": {
					"x": 7.05657823339877,
					"y": 19.0207072063446,
					"z": 9.45358771339692
				}
			}
		]
}
