{

	"Name": "currentScenario",
		"interceptors" : [
			{ 
				"ID": "A2",
				"Position": {
					"x": -2276.81655659192,
					"y": -2319.3626035095,
					"z": 0
				}
			}
,			{ 
				"ID": "B1",
				"Position": {
					"x": 59.6097242364705,
					"y": -1043.7460961024,
					"z": 0
				}
			}
,			{ 
				"ID": "C0",
				"Position": {
					"x": 1533.18352044243,
					"y": -450.919879810382,
					"z": 0
				}
			}
,			{ 
				"ID": "A6",
				"Position": {
					"x": 1249.68072108444,
					"y": 1039.57286269384,
					"z": 0
				}
			}
,			{ 
				"ID": "A5",
				"Position": {
					"x": -1929.36361275118,
					"y": -1692.36967302504,
					"z": 0
				}
			}
,			{ 
				"ID": "A4",
				"Position": {
					"x": -2202.44563636484,
					"y": -474.70507816165,
					"z": 0
				}
			}
,			{ 
				"ID": "A3",
				"Position": {
					"x": -574.680016410854,
					"y": 966.785910291032,
					"z": 0
				}
			}
		],
		"threats" : [
			{ 
				"ID": "X4",
				"Position": {
					"x": 1139.92427347224,
					"y": -1126.83219608238,
					"z": 2945.93732103051
				},
				"Velocity": {
					"x": 6.89278967999518,
					"y": 17.7102301352239,
					"z": 1.23418922593547
				}
			}
,			{ 
				"ID": "X3",
				"Position": {
					"x": 2110.83826339377,
					"y": 244.092754202007,
					"z": 2846.76495746093
				},
				"Velocity": {
					"x": 10.4528162118293,
					"y": 12.9380805291878,
					"z": 1.55603803766707
				}
			}
,			{ 
				"ID": "X2",
				"Position": {
					"x": 1921.36448715877,
					"y": 1465.44485886835,
					"z": 355.284209062943
				},
				"Velocity": {
					"x": 3.53272382334467,
					"y": 14.20502446322,
					"z": 8.31547911666123
				}
			}
,			{ 
				"ID": "X1",
				"Position": {
					"x": -255.834454743114,
					"y": 642.895534002639,
					"z": 532.874676181411
				},
				"Velocity": {
					"x": 12.6972740575193,
					"y": 12.4649057502229,
					"z": 9.4372060380118
				}
			}
,			{ 
				"ID": "Z0",
				"Position": {
					"x": -1082.20654585501,
					"y": -1491.50938517019,
					"z": 1857.64481632861
				},
				"Velocity": {
					"x": 10.9890808961303,
					"y": 16.9626493830991,
					"z": 11.9102961346089
				}
			}
		]
}
