{

	"Name": "det2",
		"interceptors" : [
			{ 
				"ID": "C9",
				"Position": {
					"x": -551.352708857205,
					"y": -1040.50990615064,
					"z": 0
				}
			}
,			{ 
				"ID": "A8",
				"Position": {
					"x": -449.636780167761,
					"y": -127.598884342051,
					"z": 0
				}
			}
,			{ 
				"ID": "A0",
				"Position": {
					"x": -828.619503103485,
					"y": 258.2166962131,
					"z": 0
				}
			}
		],
		"threats" : [
			{ 
				"ID": "Y6",
				"Position": {
					"x": -1565.8371921004,
					"y": -743.061329584132,
					"z": 2334.97785326791
				},
				"Velocity": {
					"x": 16.7072650402352,
					"y": 0.734433289959297,
					"z": 3.0056707109351
				}
			}
,			{ 
				"ID": "X8",
				"Position": {
					"x": 1286.89732839675,
					"y": -1716.7756854169,
					"z": 2836.66340766319
				},
				"Velocity": {
					"x": 11.6771082448201,
					"y": 6.44714987205674,
					"z": 16.6840335990694
				}
			}
,			{ 
				"ID": "X7",
				"Position": {
					"x": 2220.58909308193,
					"y": 969.460641485388,
					"z": 216.802731257306
				},
				"Velocity": {
					"x": 12.8231739126254,
					"y": 19.3145289641407,
					"z": 17.3882499697563
				}
			}
,			{ 
				"ID": "X3",
				"Position": {
					"x": -828,
					"y": 258,
					"z": 10
				},
				"Velocity": {
					"x": 0,
					"y": 0,
					"z": 0
				}
			}
		]
}
